epoch,Training Loss,Valid. Loss,Valid.mcc,Training.mcc
1,0.641771263780847,0.6441044440636268,-0.03633309962624849,-0.03437598989875484
2,0.639039420184836,0.6427636238244864,-0.03633309962624849,-0.03437598989875484
3,0.6365968941059788,0.6408225160378677,-0.03633309962624849,-0.036153787684553
